茂禄驴nmsl,
hongkong,
茫聝聸茫聝鲁茫聜鲁茫聝鲁,
茅娄聶忙赂炉,
忙聴露盲禄拢茅聺漏氓聭陆,
忙聶聜盲禄拢茅聺漏氓聭陆,
8964,
莽聧篓莽芦聥,
莽聥卢莽芦聥,
猫陋虏茅聡聭盲禄拢猫隆聦,
氓聟聣氓陇聧,
氓聟聣氓戮漏,
茫聝聞茫聝录茫聝芦,
茅禄篓,
氓聟職,
hack,
anal,
ass,
bitch,
blowjob,
bullshit,
casino,
chink,
clit,
cock,
coon,
cum,
cunt,
dick,
dildo,
dyke,
fag,
fuck,
handjob,
hitler,
homo,
jap,
jizz,
kaffir,
kunt,
lesbo,
manko,
masturbate,
molest,
nazi,
negro,
nigger,
paedo,
paki,
pecker,
pedo,
penis,
poof,
pussy,
queer,
quo茫聜芦茫聝录茫聝聣,
rape,
rapist,
rmt,
sc,
scrotum,
seo猫聡陋氓聥聲,
sex,
slag,
slut,
spastic,
spaz,
sperm,
spunk,
tits,
twat,
vagina,
varchar,
vulva,
wank,
wetback,
whor,
wog,
茫聜垄茫聝聙茫聝芦茫聝聢,
茫聜垄茫聝聤茫聝芦,
茫聜垄茫聝聦茫聜鹿,
茫聜垄茫聝聲茫聜拢茫聝陋茫聜篓茫聜陇茫聝聢,
茫聜垄茫聝聸,
茫聜垄茫聝隆氓聟卢,
茫聜垄茫聝芦茫聝聬茫聜陇茫聝聢,
茫聜垄茫聝鲁茫聝聺茫聝鲁茫聜驴茫聝鲁,
茫聜陇茫聝聠茫聝聻茫聜娄茫聜戮,
茫聜陇茫聝漏茫聝聻茫聝聛茫聜陋,
茫聜陇茫聝鲁茫聝聺,
茫聜娄茫聝鲁茫聜鲁,
茫聜篓茫聜陇茫聜潞,
茫聜篓茫聜炉茫聜碌茫聜碌茫聜陇茫聜潞,
茫聜篓茫聝聝茫聝聛,
茫聜篓茫聝颅茫聜陇氓楼鲁,
茫聜篓茫聝颅氓聥聲莽聰禄,
茫聜篓茫聝鲁茫聜鲁茫聜娄,
茫聜陋茫聝录茫聜炉茫聜路茫聝搂茫聝鲁,
茫聜陋茫聝聻茫聝聢茫聝隆茫聝颅茫聝录茫聝鲁,
茫聜陋茫聝聻茫聝鲁茫聜鲁,
茫聜陋茫聝陋茫聜麓,
茫聜陋猫聤卤莽聲聭,
茫聜卢茫聜陇茫聜赂,
茫聜芦茫聜赂茫聝聨,
茫聜芦茫聜鹿,
茫聜芦茫聜驴茫聝炉,
茫聜颅茫聝聛茫聜卢茫聜陇,
茫聜颅茫聝拢茫聝聝茫聜路,
茫聜颅茫聝搂茫聜娄茫聜赂茫聝鲁,
茫聜炉茫聝录茫聝陋茫聝录,
茫聜炉茫聜陆,
茫聜掳茫聝漏茫聝聯茫聜垄,
茫聜炉茫聝陋茫聝聥茫聝聝茫聜炉,
茫聜炉茫聝颅茫聝鲁茫聝聹,
茫聜虏茫聜鹿,
茫聜鲁茫聜鹿茫聝隆,
茫聜碌茫聜陇茫聝聢忙炉聰猫录聝,
茫聜碌茫聝聴茫聝陋,
茫聜碌茫聝漏茅聡聭,
茫聜赂茫聝拢茫聝聝茫聝聴,
茫聜路茫聝鲁茫聝聵茫聜陇茫聝聼茫聝鲁,
茫聜鹿茫聜芦茫聝聢茫聝颅,
茫聜鹿茫聜驴茫聝录茫聝聯茫聝录茫聝聛,
茫聜鹿茫聝聰茫聝陋茫聝聛茫聝楼茫聜垄茫聝芦,
茫聜鹿茫聝聶茫聜驴,
茫聜鹿茫聝陋茫聝聽,
茫聜鹿茫聝炉茫聝聝茫聝聰茫聝鲁茫聜掳,
茫聜禄茫聝聝茫聜炉茫聜鹿,
茫聜禄茫聝聲茫聝卢,
茫聜禄茫聝聽茫聜路,
茫聜禄茫聝芦茫聝聲茫聝聦茫聝录茫聝聣,
茫聜禄茫聝鲁茫聜潞茫聝陋,
茫聜录茫聝鲁茫聝漏,
茫聝聛茫聜篓茫聜陋茫聜炉茫聝卢,
茫聝聛茫聜搂茫聝鲁茫聝隆,
茫聝聛茫聜赂茫聝搂,
茫聝聛茫聝拢h,
茫聝聛茫聝拢茫聝鲁茫聜鲁茫聝颅,
茫聝聛茫聝搂茫聝聝茫聝聭茫聝陋,
茫聝聛茫聝搂茫聝鲁,
茫聝聛茫聝鲁茫聜鲁,
茫聝聛茫聝鲁茫聝聛茫聝鲁,
茫聝聛茫聝鲁茫聝聬,
茫聝聛茫聝鲁茫聝聺,
茫聝聞茫聝鲁茫聝聹,
茫聝聠茫聜炉茫聝聨茫聜鹿茫聝聢茫聝卢茫聜鹿,
茫聝聡茫聝聳,
茫聝聡茫聝陋茫聝聵茫聝芦,
茫聝聠茫聝卢茫聜娄茫聜搂茫聜陇茫聝麓,
茫聝聣茫聜芦茫聜驴,
茫聝聢茫聜碌茫聝聞,
茫聝聣茫聝垄茫聝陋,
茫聝聤茫聝聛茫聜鹿,
茫聝聤茫聝鲁茫聝聭,
茫聝聥茫聜卢茫聝录,
茫聝聥茫聜掳茫聝颅,
茫聝聥茫聝聙,
茫聝聥茫聝鲁茫聝聰茫聝聥茫聝鲁,
茫聝聬茫聜陇茫聝聳,
茫聝聫茫聜炉茫聝聛,
茫聝聭茫聝聛茫聜鹿茫聝颅,
茫聝聫茫聝聝茫聝聰茫聝录茫聝隆茫聝录茫聝芦,
茫聝聫茫聝聝茫聝聰茫聝录茫聝漏茫聜陇茫聝聲,
茫聝聫茫聝隆茫聝聣茫聝陋,
茫聝聫茫聝隆忙聮庐,
茫聝聫茫聝陋茫聜赂茫聝拢茫聝鲁,
茫聝聯茫聝聝茫聜鲁,
茫聝聯茫聝聝茫聝聛,
茫聝聮茫聝聥茫聝鲁,
茫聝聯茫聝楼茫聝录茫聝聠茫聜拢,
茫聝聲茫聜隆茫聜路茫聜鹿茫聝聢,
茫聝聲茫聜隆茫聝聝茫聜炉,
茫聝聲茫聜隆茫聝聯茫聝搂,
茫聝聳茫聜娄茫聝篓,
茫聝聲茫聜搂茫聝漏,
茫聝聳茫聜碌茫聜陇茫聜炉,
茫聝聳茫聜碌茫聝篓,
茫聝聳茫聝聝茫聜芦茫聜卤,
茫聝聲茫聝颅茫聜娄茫聜路茫聝拢,
茫聝聴茫聝颅氓赂聜忙掳聭,
茫聝聴茫聝颅氓楼麓茅職路,
茫聝職茫聝聥茫聜鹿,
茫聝聺茫聝录茫聜芦茫聝录,
茫聝聹茫聜卤,
茫聝聸茫聜鹿茫聝聢,
茫聝聸茫聝聠茫聝聵茫聝芦,
茫聝聺茫聝芦茫聝聨,
茫聝聹茫聝鲁茫聝聡茫聝录茫聜赂,
茫聝聺茫聝鲁茫聝聯茫聜颅,
茫聝聻茫聝录茫聝聛茫聝拢茫聝鲁茫聝聢,
茫聝聻茫聜陇茫聝聼茫聜炉,
茫聝聻茫聝聦茫聜卤,
茫聝聻茫聝鲁茫聜鲁,
茫聝隆茫聜炉茫聝漏,
茫聝隆茫聝芦氓聫聥,
茫聝陇茫聝陋茫聝聻茫聝鲁,
茫聝篓茫聝陋茫聝隆,
茫聝漏茫聝聳茫聝聸,
茫聝陋茫聜垄氓聫聥,
茫聝陋茫聝搂茫聜娄茫聜赂茫聝搂茫聜炉,
茫聝卢茫聜陇茫聜赂茫聝搂茫聜娄,
茫聝卢茫聜陇茫聝聴,
茫聝卢茫聜潞,
茫聝卢茫聜鹿茫聝虏茫聜鲁茫聝聰,
茫聝颅茫聝录茫聜路茫聝搂茫聝鲁,
茫聝炉茫聜颅茫聜卢,
茅聵驴莽聣聡,
忙聞聸忙露虏,
忙聞聸盲潞潞,
忙聟掳氓庐聣,
忙路芦,
茅職聽氓聺聤,
猫聥卤盲录職猫漏卤,
氓聠聠氓聟聣,
忙聫麓氓聤漏,
莽聨聥盲赂鹿,
氓聞聞盲赂聡茅聲路猫聙聟,
盲赂聥莽聺聙,
盲赂聥忙碌聛,
氓庐露氓聡潞,
莽聛芦莽聴聟,
莽篓录茫聜陇,
莽篓录茫聜掳,
莽篓录茫聜虏,
猫聤卤莽虏聣,
盲录職茫聜篓茫聝芦,
盲录職氓聯隆氓聥聼茅聸聠,
忙碌路猫卤鹿,
氓搂娄,
氓庐聵猫聝陆,
忙聞聼忙聼聯,
忙聫聸茅聡聭,
茅聜聞忙聰驴忙聳录忙掳聭,
茅隆聰氓掳聞,
氓楼聡氓陆垄氓聟聬,
氓炉聞莽聰聼猫聶芦,
氓赂掳氓聦聳盲潞潞,
茅聙聠忙聫麓,
莽芦露茅娄卢,
氓录路氓聢露氓聽聲猫聝聨,
氓录路氓聢露忙聳路莽篓庐,
莽聼炉忙颅拢,
茅漏職莽聲掳,
忙聬潞氓赂炉茫聜碌茫聜陇茫聝聢,
忙驴聙忙碌聛盲赂颅氓聹聥,
忙聹聢氓聫聨,
氓聛楼氓潞路氓聶篓氓聟路,
莽聤卢茅拢聼茫聜陇,
猫娄聥忙聰戮茅隆聦,
莽聫戮茅聡聭,
猫聝隆猫聙聙茅聜娄,
盲潞陇茅職聸,
氓路楼盲陆聹氓聯隆,
茅芦聵茅隆聧,
氓聬聢忙鲁聲,
氓聭聤茫聝漏茫聝卢茫聝卢茫聜鹿,
氓聸陆忙聹聧,
氓聹篓氓庐聟,
忙庐潞茫聜鹿,
盲赂聣氓聸陆盲潞潞,
氓颅聬忙聽隆,
氓颅聬氓陇搂,
忙聦聡茫聝聻茫聝鲁,
忙聰炉茅聜拢,
忙颅炉莽搂聭,
猫聡陋氓聥聲莽聸赂盲潞聮,
猫聡陋茅聳聣莽聴聡氓聟聬,
氓掳聞莽虏戮,
莽陇戮忙聹聝,
猫卢聺莽陇录,
氓聡潞盲录職,
氓聡潞莽聣聢,
忙聵楼莽聲芦,
氓聡娄氓楼鲁,
氓聲聠忙聺聬,
氓掳聫茅聛拢,
氓掳聫氓聟聬莽聴聟,
氓掳聫忙聴楼忙聹卢,
忙露聢猫虏禄猫聙聟茅聡聭猫聻聧,
猫篓录忙聥聽茅聡聭,
猫戮卤,
氓掳禄猫禄陆,
氓驴聝茅職聹氓聟聬,
氓驴聝茅職聹猫聙聟,
盲潞潞茅芦聰氓炉娄茅漏聴,
忙聙搂忙聞聼,
忙聙搂氓聶篓,
忙聙搂盲潞陇,
忙聙搂莽聴聟,
忙聙搂莽聶聳,
忙聲麓盲陆聯,
莽虏戮忙露虏,
莽虏戮莽楼聻莽聲掳氓赂赂,
莽虏戮莽楼聻氓聢聠猫拢聜,
莽虏戮氓聤聸,
忙聨楼氓聠聶,
氓聧聽盲赂颅,
氓聧聽茫聜陇,
氓掳聳茅聳拢猫芦赂氓鲁露,
猫鲁聨忙掳聭,
茅庐庐盲潞潞,
猫碌掳莽搂聛,
氓聧鲁茅聡聭,
忙聴聫忙路篓氓聦聳,
氓陇職茅聡聧氓聜碌氓聥聶,
氓戮聟茫聝聛氓聬聢,
氓陇搂莽麓聙氓聟聝忙聶聜氓聽卤,
氓陇搂忙鲁聲氓录聼氓颅聬,
猫聞卤忙炉聸,
莽聼楼茅職聹,
忙卤聽忙虏录,
莽聴麓,
莽聺聙茫聜篓茫聝颅,
盲赂颅氓聡潞茫聜路,
盲陆聨氓颅娄忙颅麓,
盲陆聨猫聞鲁,
忙聫聬忙聬潞,
氓陇漏氓庐聣茅聳聙,
猫鲁颅氓聧職,
莽聸聴忙聮庐,
茅聽颅茫聜陋茫聜芦茫聜路茫聜陇,
莽芦楼猫虏聻,
莽聣鹿盲潞聹,
忙炉聮氓聯聛,
氓聧聴盲潞卢,
猫聜聣忙拢聮,
忙聴楼莽碌娄,
忙聴楼忙聹聧,
忙聴楼氓聮聦猫娄聥,
莽聽麓莽聰拢,
茅娄卢茅鹿驴,
猫虏路猫鲁拢盲潞潞氓聫拢,
氓拢虏氓楼鲁,
莽聶陆猫卤職,
莽聢聠盲鹿鲁,
猫聸庐氓聲戮,
氓陆录氓楼鲁氓聥聼茅聸聠,
茅聺聻忙麓虏,
莽戮聨氓庐鹿,
盲赂聧氓聫炉猫搂娄忙掳聭,
茅垄篓盲驴聴,
氓聣炉忙楼颅,
氓聣炉氓聫聨氓聟楼,
氓聢聠茅職聸,
忙聳聡茅聙職,
忙聳聡莽聸虏,
盲戮驴莽搂聵,
氓聦聟猫聦聨,
氓庐聺茫聜炉茫聜赂,
忙鲁聲猫录陋氓聤聼,
忙鲁聲猫录陋氓陇搂忙鲁聲,
氓聦聴盲潞卢盲鹿聥忙聵楼,
忙聹卢莽聲陋,
盲赂聡氓聠聠,
莽聞隆盲驴庐忙颅拢,
莽聞隆莽聬聠茫聝陇茫聝陋,
莽聞隆忙聳聶氓聥聲莽聰禄,
忙炉聸氓聰聬盲潞潞,
忙炉聸茅芦陋,
氓聞虏茫聜芦,
氓聞虏茫聜卤,
猫篓鲁茫聜垄茫聝陋,
氓聫聥茅聛聰莽麓鹿盲禄聥,
猫陋聵忙聥聬,
茅聛聤茅聙虏,
猫拢赂,
盲鹿卤盲潞陇,
忙聺聨忙麓陋氓驴聴,
猫拢聫茫聝聯茫聝聡茫聜陋,
猫拢聫茫聝炉茫聜露,
猫拢聫忙聝聟氓聽卤,
茅聹虏氓聡潞,
氓聟颅氓聬聢氓陆漏,
氓聟颅氓聸聸,
氓聙颅盲潞潞,
氓聮聦氓鹿鲁忙录聰猫庐聤,
氓聜麓氓聝聜,
氓聮楼,
氓聳聵茫聜庐,
氓掳聢氓聢露,
氓卤聫猫聰陆,
莽聶漏莽聴聟,
莽漏垄氓陇職,
猫聛聤,
猫聜聟忙赂聟,
猫聟聥猫聡颅,
猫聠拢,
猫聢聬,
猫露聶莽麓芦茅聶陆,
茅颅聫盲潞卢莽聰聼,
69,
0fficial,
0peration,
acc0unt,
account,
adm1n,
admin,
admln,
ahen,
akimekura,
anaru,
anusu,
asaharasyoukou,
av莽聸拢莽聺拢,
av氓楼鲁氓聞陋,
av莽聰路氓聞陋,
bba,
bikko,
boob,
c0caine,
cannabis,
cheat,
chieokure,
chinchin,
chinpo,
clit0ris,
clitoris,
cocaine,
cojiki,
condom,
cunni,
cust0mer,
customer,
deepthr0at,
deepthroat,
dqn,
emulator,
fellati0,
fellatio,
gachame,
gamemaster,
gatyame,
gm,
g茫聜鹿茫聝聺茫聝聝茫聝聢,
handj0b,
heroin,
hijack,
houkei,
h茫聜卢,
h茫聜碌,
h茫聜路,
h茫聝聤,
h茫聝聥,
h茫聝聨,
h茫聝虏,
h莽聰禄,
h莽鲁禄,
h氓楼陆,
h氓聠聶,
h氓拢掳,
inpo,
isil,
isis,
jiheis,
jisatsu,
jisatu,
katawa,
kojiki,
lineid,
line忙聲聶,
line盲潞陇,
lsd,
marijuana,
masturbation,
matumototiduo,
mdma,
mekura,
menhera,
miyazakitsutomu,
miyazakitutomu,
monmou,
m氓楼鲁,
m氓卢垄,
m氓篓聵,
narcotic,
natgames,
nihonnsekigunn,
npc,
obutu,
official,
onani,
operati0n,
operation,
opium,
oppai,
pw忙聲聶,
r00t,
raibyou,
reipu,
rise,
ronpari,
root,
sakakibaraseito,
security,
seihakusha,
seihakusya,
seishinb,
seisinb,
service,
shashi,
shasi,
shikimou,
sikimou,
staff,
sugame,
supp0rt,
support,
syashi,
syasi,
s氓楼鲁,
s氓卢垄,
s氓篓聵,
terro,
tieokure,
tunbo,
v氓楼鲁,
webmaster,
yabunirami,
yorime,
茫聜垄茫聝录茫聝芦茫聜篓茫聝聽茫聝聠茫聜拢,
茫聜垄茫聜陇茫聝聨茫聜鲁,
茫聜垄茫聜陋茫聜芦茫聝鲁,
茫聜垄茫聜芦茫聜娄茫聝鲁茫聝聢,
茫聜垄茫聜芦猫虏路,
茫聜垄茫聜芦氓拢虏,
茫聜垄茫聜炉茫聝隆,
茫聜垄茫聜碌茫聝聙茫聝聛,
茫聜垄茫聜碌茫聝聫茫聝漏茫聜路茫聝搂茫聜娄茫聜鲁茫聜娄,
茫聜垄茫聜路茫聜陇茫聝卢茫聜鲁茫聝鲁,
茫聜垄茫聜路茫聜鲁茫聜颅,
茫聜垄茫聜鹿茫聝聸茫聝录茫聝芦,
茫聜垄茫聝聣茫聝聼茫聝鲁,
茫聜垄茫聝聤茫聝聥茫聝录,
茫聜垄茫聝聬茫聜潞茫聝卢,
茫聜垄茫聝聲茫聜漏,
茫聜垄茫聝聵茫聝鲁,
茫聜垄茫聝芦茫聜芦茫聜陇茫聝聙,
茫聜垄盲赂聙茫聝芦茫聜篓茫聝聽茫聝聠茫聜拢,
茫聜陇茫聜垄茫聝鲁茫聝聲,
茫聜陇茫聜垄茫聝鲁茫聝聴,
茫聜陇茫聜鹿茫聝漏茫聝录茫聝聽氓聸陆,
茫聜陇茫聜鹿茫聝漏茫聝聽氓聸陆,
茫聜陇茫聜驴氓聟卢,
茫聜陇茫聝聻茫聝漏茫聝聛茫聜陋,
茫聜陇茫聝隆茫聝录茫聜赂茫聜炉茫聝漏茫聝聳,
茫聜陇茫聝鲁茫聜卤茫聜陇,
茫聜陇茫聝鲁茫聝垄茫聜娄,
茫聝麓茫聜隆茫聜庐茫聝聤,
茫聜娄茫聜搂茫聝聳茫聝聻茫聜鹿茫聜驴茫聝录,
茫聜娄茫聜赂茫聝聽茫聜路,
茫聜娄茫聜赂猫聶芦,
茫聜娄茫聝鲁茫聜篓茫聜陇,
茫聜娄茫聝鲁茫聝聛,
茫聜娄茫聝鲁茫聝篓茫聜娄,
茫聜篓茫聜鹿茫聜颅茫聝垄,
茫聜篓茫聝聧茫聝聻茫聜掳茫聝漏,
茫聜篓茫聝聸茫聝聬茫聝聨猫篓录盲潞潞,
茫聜篓茫聝聼茫聝楼,
茫聜篓茫聝聽茫聝聡茫聜陇茫聜篓茫聝聽茫聜篓,
茫聜篓茫聝芦茫聜篓茫聜鹿茫聝聡茫聜拢,
茫聜篓茫聝芦茫聜篓茫聜鹿茫聝聡茫聜陇,
茫聜篓茫聝鲁茫聜赂茫聝搂,
茫聜陋茫聜娄茫聝聽莽聹聼莽聬聠忙聲聶,
茫聜陋茫聝录茫聜卢茫聜潞茫聝聽,
茫聜陋茫聜路茫聝聝茫聜鲁,
茫聜陋茫聜赂茫聝颅茫聜炉,
茫聜陋茫聝聝茫聝聢茫聜陇氓芦聛茫聜赂茫聝搂,
茫聜陋茫聝聝茫聝聭茫聜陇,
茫聜陋茫聝聢茫聝聤茫聝聨茫聜陋茫聝垄茫聝聛茫聝拢,
茫聜陋茫聝聤茫聜卢,
茫聜陋茫聝聤茫聜卤茫聜陇,
茫聜陋茫聝聤茫聜麓茫聜篓,
茫聜陋茫聝聤茫聜路茫聝拢,
茫聜陋茫聝聤茫聜潞茫聜颅,
茫聜陋茫聝聤茫聝聥,
茫聜陋茫聝聤茫聝聸,
茫聜陋茫聝聤莽聰禄,
茫聜陋茫聝聤莽鲁禄,
茫聜陋茫聝聤氓楼陆,
茫聜陋茫聝聤氓聠聶,
茫聜陋茫聝聤氓拢掳,
茫聜陋茫聝聤盲潞聦,
茫聜陋茫聝聳茫聝聞,
茫聜陋茫聝職茫聝卢茫聝录茫聜路茫聝搂茫聝鲁,
茫聜陋茫聝隆茫聜鲁,
茫聜陋茫聝炉茫聜陇氓卤聥,
茫聜陋茫聝鲁茫聝聹茫聜娄,
茫聜芦茫聜陇茫聝聫茫聝聞,
茫聜芦茫聜陇茫聝聻茫聜鹿,
茫聜芦茫聜娄茫聝聭茫聝录,
茫聜芦茫聜炉茫聜禄茫聜陇茫聜露茫聜陇,
茫聜芦茫聜碌茫聝聝茫聜芦茫聜颅,
茫聜卢茫聝聛茫聝拢茫聝隆,
茫聜卢茫聝聛茫聝拢莽聸庐,
茫聜卢茫聝聻茫聝鲁茫聜赂茫聝芦,
茫聜卢茫聝聻茫聝鲁茫聝聜茫聝芦,
茫聜卢茫聝聻茫聝鲁忙卤聛,
茫聜卢茫聝鲁茫聜路茫聝拢,
茫聜卢茫聝鲁茫聜赂茫聝拢,
茫聜卢茫聝鲁茫聝隆茫聝鲁茫聜颅茫聜赂茫聝搂茫聜娄,
茫聜芦茫聝鲁茫聝陋,
茫聜颅茫聜路茫聝搂茫聜陇,
茫聜颅茫聜赂茫聝芦茫聜路,
茫聜颅茫聝垄茫聜陇,
茫聜庐茫聝搂茫聜娄茫聜路茫聝拢,
茫聜颅茫聝鲁茫聜驴茫聝聻,
茫聜炉茫聜潞,
茫聜炉茫聜驴茫聝聬茫聝卢,
茫聜炉茫聝陋茫聝聢茫聝陋茫聜鹿,
茫聜炉茫聝鲁茫聝聥,
茫聜卤茫聜陇茫聜碌茫聝聞,
茫聜虏茫聝录茫聝聽茫聝聻茫聜鹿茫聜驴茫聝录,
茫聜虏茫聝录茫聝聽茫聝聻茫聜鹿茫聜驴盲赂聙,
茫聜卤茫聝聞茫聜虏,
茫聜卤茫聝聞忙炉聸,
茫聜卤茫聝聢茫聜娄,
茫聜虏盲赂聙茫聝聽茫聝聻茫聜鹿茫聜驴茫聝录,
茫聜虏盲赂聙茫聝聽茫聝聻茫聜鹿茫聜驴盲赂聙,
茫聜麓茫聜娄茫聜芦茫聝鲁,
茫聜鲁茫聜娄茫聜路茫聜颅,
茫聜鲁茫聜芦茫聜陇茫聝鲁,
茫聜鲁茫聜赂茫聜颅,
茫聜鲁茫聝鲁茫聝聣茫聝录茫聝聽,
茫聜碌茫聝录茫聝聯茫聜鹿,
茫聜露茫聝录茫聝隆茫聝鲁,
茫聜碌茫聜芦茫聜颅茫聝聬茫聝漏茫聜禄茫聜陇茫聝聢,
茫聜露茫聜鲁,
茫聜碌茫聝聺茫聝录茫聝聢,
茫聜碌茫聝聺盲赂聙茫聝聢,
茫聜路茫聜颅茫聝垄茫聜娄,
茫聜路茫聜鲁茫聜陋,
茫聜路茫聜鲁茫聜路茫聜鲁,
茫聜赂茫聜碌茫聝聞,
茫聜赂茫聜赂茫聜拢,
茫聜赂茫聜赂茫聜陇,
茫聜路茫聝聝茫聜炉茫聜鹿茫聝聤茫聜陇茫聝鲁,
茫聜赂茫聝聵茫聜陇茫聜路茫聝搂茫聜娄,
茫聜路茫聝拢茫聜陇茫聝鲁,
茫聜路茫聝拢茫聜路,
茫聜路茫聝拢茫聝聳,
茫聜路茫聝搂茫聜娄茫聜卢茫聜陇茫聜路茫聝拢,
茫聜赂茫聝搂茫聜娄茫聝聲,
茫聜路茫聝搂茫聜娄茫聝聶茫聝鲁,
茫聜路茫聝搂茫聝录茫聜卢茫聜陇茫聜路茫聝拢,
茫聜路茫聝搂茫聜赂茫聝搂,
茫聜赂茫聝搂茫聜禄茫聜陇茫聜颅,
茫聜路茫聝搂茫聝鲁茫聝聶茫聝鲁,
茫聜路茫聝漏茫聝聝茫聜鲁,
茫聜路茫聝陋茫聜卢茫聝芦,
茫聜路茫聝鲁茫聜路茫聝搂茫聜娄,
茫聜路茫聝鲁茫聝聤,
茫聜鹿茫聜卢茫聝隆,
茫聜鹿茫聜卤茫聝聶忙陇聟氓颅聬,
茫聜鹿茫聜驴茫聝聝茫聝聲,
茫聜鹿茫聝職茫聝芦茫聝聻,
茫聜鹿茫聝聻茫聜驴,
茫聜禄茫聜陇茫聜路茫聝搂茫聜炉茫聜颅,
茫聜禄茫聜陇茫聜路茫聝鲁茫聝聫茫聜炉茫聜赂茫聝拢茫聜炉,
茫聜禄茫聜陇茫聜路茫聝鲁茫聝聯茫聝搂茫聜娄,
茫聜禄茫聜陇茫聝聫茫聜炉茫聜路茫聝拢,
茫聜禄茫聜颅茫聝楼茫聝陋茫聝聠茫聜拢,
茫聜陆茫聝录茫聝聴茫聝漏茫聝鲁茫聝聣,
茫聜陆茫聝录茫聝聴氓卢垄,
茫聝聙茫聜陇茫聝聶茫聝鲁,
茫聝聙茫聝聝茫聝聛茫聝炉茫聜陇茫聝聲,
茫聜驴茫聝聮茫聝聧,
茫聝聙茫聝鲁茫聜禄茫聜陇茫聜颅,
茫聜驴茫聝鲁茫聝聢茫聜娄,
茫聝聛茫聝录茫聝聢,
茫聝聛茫聜芦茫聝鲁,
茫聝聛茫聜炉茫聜路茫聝搂茫聜娄,
茫聝聛茫聜炉茫聝聥茫聝录,
茫聝聛茫聜炉茫聝聯,
茫聝聛茫聜路茫聝搂茫聜娄,
茫聝聛茫聝聢猫虏路,
茫聝聛茫聝聢氓拢虏,
茫聝聛茫聝搂茫聜娄茫聜陇茫聝鲁茫聝聹茫聜娄,
茫聝聛茫聝鲁茫聜虏,
茫聝聛茫聝鲁忙炉聸,
茫聝聛盲赂聙茫聝聢,
茫聝聠茫聜陇茫聝聨茫聜娄,
茫聝聡茫聜拢茫聝芦茫聝聣,
茫聝聠茫聜拢茫聝鲁茫聜鲁,
茫聝聠茫聜拢茫聝鲁茫聝聺,
茫聝聡茫聜芦茫聝聛茫聝鲁,
茫聝聡茫聜芦茫聝聻茫聝漏,
茫聝聠茫聜鲁茫聜颅,
茫聝聠茫聝聻茫聝鲁,
茫聝聡茫聝陋茫聝聬茫聝陋茫聝录茫聝聵茫聝芦茫聜鹿,
茫聝聠茫聝颅,
茫聝聢茫聜娄茫聜麓茫聜娄茫聜路茫聝聝茫聝聛茫聝搂茫聜娄茫聜路茫聝搂茫聜娄,
茫聝聢茫聜娄茫聜碌茫聝聞,
茫聝聢茫聜娄茫聜路茫聝聞,
茫聝聢茫聜娄茫聝聛茫聝搂茫聜娄,
茫聝聣茫聜娄茫聝聠茫聜陇,
茫聝聣茫聜赂,
茫聝聣茫聝聰茫聝楼,
茫聝聢茫聝芦茫聜鲁氓卢垄,
茫聝聢茫聝芦茫聜鲁茅垄篓氓聭聜,
茫聝聤茫聝聝茫聝聢茫聜虏茫聝录茫聝聽茫聜鹿,
茫聝聤茫聝聞茫聝聢茫聜虏茫聝录茫聝聽茫聜鹿,
茫聝聥茫聜炉茫聝聶茫聝鲁茫聜颅,
茫聝聥茫聜炉茫聝聹茫聜娄,
茫聝聥茫聜鲁茫聝篓茫聝鲁,
茫聝聥茫聝聸茫聝鲁茫聜禄茫聜颅茫聜掳茫聝鲁,
茫聝聫茫聜陇茫聜赂茫聝拢茫聝聝茫聜炉,
茫聝聬茫聜陇茫聜路茫聝楼茫聝鲁,
茫聝聭茫聜陇茫聜潞茫聝陋,
茫聝聭茫聜陇茫聝聭茫聝鲁,
茫聝聬茫聜芦,
茫聝聬茫聜庐茫聝聤,
茫聝聫茫聜虏,
茫聝聭茫聜鹿茫聝炉茫聝录茫聝聣,
茫聝聭茫聜鹿忙聲聶,
茫聝聬茫聜驴茫聝录莽聤卢,
茫聝聬茫聝聬茫聜隆,
茫聝聬茫聝聬茫聜垄,
茫聝聭茫聝鲁氓聤漏,
茫聝聯茫聝录茫聝聛茫聜炉,
茫聝聰茫聜鹿茫聝聢茫聝鲁,
茫聝聰茫聝鲁茫聜炉茫聜碌茫聝颅茫聝鲁,
茫聝聰茫聝鲁茫聜碌茫聝颅,
茫聝聰茫聝鲁茫聝颅茫聝录,
茫聝聳茫聜鹿,
茫聝職茫聝聛茫聝拢茫聝聭茫聜陇,
茫聝職茫聝聥茫聝聬茫聝鲁,
茫聝聵茫聝颅茫聜陇茫聝鲁,
茫聝職盲潞聦茫聜鹿,
茫聝聸茫聜娄茫聜卤茫聜陇,
茫聝聹茫聝聝茫聜颅,
茫聝聸氓聢楼,
茫聝聻茫聜鹿茫聜驴茫聝录茫聝聶茫聝录茫聜路茫聝搂茫聝鲁,
茫聝聻茫聝聞茫聝垄茫聝聢茫聝聛茫聝聟茫聜陋,
茫聝聻茫聝陇茫聜炉,
茫聝聻茫聝陋茫聝聲茫聜隆茫聝聤,
茫聝聻茫聝鲁茫聜虏,
茫聝聻茫聝鲁茫聜赂茫聝芦,
茫聝聻茫聝鲁茫聝聛茫聝搂,
茫聝聻茫聝鲁茫聝聜茫聝芦,
茫聝聻茫聝鲁茫聝聻茫聝鲁,
茫聝聻茫聝鲁忙卤聛,
茫聝聻茫聝鲁忙炉聸,
茫聝聼茫聝陇茫聜露茫聜颅茫聝聞茫聝聢茫聝聽,
茫聝隆茫聜垄茫聝聣忙聲聶,
茫聝隆茫聜垄茫聝聣盲潞陇,
茫聝隆茫聜芦茫聜卤,
茫聝隆茫聜鹿茫聝聣茫聝卢茫聜陇,
茫聝隆茫聝聝茫聜芦茫聝聛,
茫聝隆茫聝鲁茫聝聛茫聝搂,
茫聝隆茫聝鲁茫聝聵茫聝漏,
茫聝垄茫聝芦茫聝垄茫聝鲁忙聲聶,
茫聝垄茫聝鲁茫聝垄茫聜娄,
茫聝陇茫聝聳茫聝聥茫聝漏茫聝聼,
茫聝陇茫聝陋茫聝聛茫聝鲁,
茫聝陇茫聝陋茫聝聢茫聝垄,
茫聝漏茫聜陇茫聝聯茫聝搂茫聜娄,
茫聝漏茫聜陇茫聝鲁id,
茫聝漏茫聜陇茫聝鲁忙聲聶,
茫聝漏茫聜陇茫聝鲁盲潞陇,
茫聝漏茫聜陇莽聴聟,
茫聝漏茫聝聳茫聝聣茫聝录茫聝芦,
茫聝漏茫聝鲁茫聜鲁茫聜娄,
茫聝陋茫聝聢茫聝芦茫聝職茫聝聳茫聝芦氓聬聦氓庐驴盲录職,
茫聝陋茫聝鲁茫聜芦茫聝鲁,
茫聝颅茫聝录茫聜驴茫聝录,
茫聝颅茫聜鹿茫聜卤,
茫聝颅茫聝鲁茫聝聭茫聝陋,
茫聝炉茫聝录茫聜颅茫聝鲁茫聜掳茫聝聴茫聜垄,
茫聝炉茫聝录茫聝聴茫聜垄,
茫聝炉茫聜陇茫聜禄茫聝聞,
茫聝炉茫聜庐茫聝聤,
茫聞聵茫聝鲁茫聜鲁,
茫聞聵茫聝鲁茫聝聺,
茫聞聵茫聝鲁茫聞聵茫聝鲁,
氓聰聳猫聙聟,
茅聵驴氓聬芦氓庐聴,
茅聵驴氓漏聠忙聯娄茫聝卢,
茅聵驴盲驴聺,
忙聞聸忙卤聛,
盲赂聙莽聰聼忙聡赂氓聭陆氓隆戮,
盲赂聙莽聶潞茫聝陇茫聝漏茫聜禄茫聝颅,
茅聶掳忙聽赂,
茅聶掳猫聦聨,
茅聶掳氓聰聡,
茅聶掳氓職垄,
茅聶掳忙炉聸,
茅聶掳忙垄聝,
茅職聽盲潞隆,
氓聫鲁莽驴录,
氓聹聮忙聽隆,
忙聫麓盲潞陇,
忙卤職莽聣漏,
忙虏聳盲禄虏盲禄聲,
盲赂聥氓聝聲,
忙聢聭忙聟垄忙卤聛,
猫虏聺氓聬聢茫聝炉茫聜禄,
氓陇聳盲潞潞,
猫娄職茫聜禄茫聜陇氓聣陇,
猫娄職茅聠聮氓聣陇,
氓聟聹氓聬聢茫聝炉茫聜禄,
茅聳聯茫聝聨氓颅聬,
茅聳聯忙聤聹茫聜卤,
茅隆聰茅篓聨,
茅隆聰茅聺垄茅篓聨盲鹿聴,
盲录聛莽聰禄,
氓聧卤茅聶潞茫聝聣茫聝漏茫聝聝茫聜掳,
氓聼潞氓聹掳氓陇聳,
氓楼聡盲鹿鲁,
氓炉聞茫聝陋莽聸庐,
茅卢录莽聲聹,
盲潞聙茅聽颅,
猫聫聤茅聳聙,
猫聞職茫聜鲁茫聜颅,
氓庐庐氓麓聨氓聥陇,
莽陋庐忙掳聭,
氓路篓忙聽鹿,
氓路篓盲鹿鲁,
茅颅職茅聡拢氓鲁露,
莽聥聜氓楼鲁,
莽聥聜盲潞潞,
忙楼颅猫聙聟,
忙楼颅莽聴聟,
莽聨聣茫聝聤茫聝隆,
茅聡聭莽聨聣,
猫聥娄氓聤聸,
氓卤聭,
猫颅娄氓炉聼,
忙卤潞忙赂聢,
氓芦聦茅聼聯,
茅隆聲忙颅拢盲录職,
茅隆搂氓庐垄,
氓戮聦茅聙虏氓聸陆,
盲鹿聻茅拢聼,
盲潞陇氓掳戮,
氓聟卢氓录聫,
氓聻垄猫虏路,
氓聻垄氓拢虏,
氓鹿赂莽娄聫茫聝聨莽搂聭氓颅娄,
氓鹿赂莽娄聫盲录職茫聝陇茫聝聻茫聜庐茫聜路盲录職,
忙卤聼忙聢赂茫聝聨氓聫聥,
茅禄聮盲潞潞,
氓路娄莽驴录,
莽麓掳忙掳聭,
忙庐潞茫聜路,
忙庐潞茫聜禄,
忙庐潞茫聜陆,
忙庐潞茫聝芦,
忙庐潞氓庐鲁,
忙庐潞盲潞潞,
茅聸聭茅颅職,
氓颅聬氓庐庐,
氓赂聜茫聝聧,
忙聰炉忙聣聲茫聜陇,
忙掳聫茫聝聧,
猫聡陋忙聟掳,
猫聡陋忙庐潞,
猫聡陋茅聳聣莽聴聡,
氓陇卤莽娄聛,
忙聳聹猫娄聳,
莽陇戮氓聯隆,
忙聣聥茫聜鲁茫聜颅,
忙聣聥茫聝聻茫聝鲁,
茅聟聮茅卢录猫聳聰猫聳聡猫聛聳忙聳聴,
氓聫聴莽虏戮,
氓聫聴猫聝聨,
氓聫聴盲鹿鲁,
忙聨聢莽虏戮,
忙聨聢猫聝聨,
忙聨聢盲鹿鲁,
茅聠聹莽聰路,
忙卤聛莽聰路氓聞陋,
茅聤聝盲鹿卤氓掳聞,
氓楼鲁氓聜聭,
氓楼鲁氓颅聬盲戮聸,
氓楼鲁忙卤聛,
氓楼鲁茅聝聨,
氓聧聡,
氓篓录氓漏娄,
氓掳聫盲戮驴,
氓潞聤茫聜陋茫聝聤,
忙聺戮忙聹卢忙聶潞忙麓楼氓陇芦,
忙露聢茫聜篓茫聝聠茫聜炉茫聝聙,
忙露聢茫聜篓茫聝颅,
茅職聹氓庐鲁猫聙聟,
忙聝聟氓陇芦,
忙聝聟氓漏娄,
忙陇聧莽聣漏盲潞潞茅聳聯,
猫聣虏莽聸虏,
氓掳禄莽漏麓,
忙聳掳氓鹿鲁忙掳聭,
莽楼聻忙聟聢莽搂聙忙聵聨盲录職,
盲潞潞盲陆聯猫搂拢氓聣聳,
盲潞潞盲陆聯氓庐聼茅篓聯,
盲潞潞茅聺聻盲潞潞,
盲潞潞忙掳聭氓炉潞茅聶垄,
氓麓聡忙聲聶莽聹聼氓聟聣,
盲赂聳莽聲聦忙聲聭盲赂聳忙聲聶,
莽聰聼忙庐聳氓聶篓,
莽聰聼茅聲路茫聝聨氓庐露,
莽聰聼莽聬聠,
莽虏戮氓颅聬,
莽虏戮忙卤聛,
莽虏戮莽楼聻猫聳聞氓录卤,
莽虏戮莽楼聻莽聴聟,
莽虏戮猫聳聞猫聙聟,
茅聙聺茫聝聝茫聝聠茫聝篓茫聜路,
莽碌露氓聙芦,
氓聟聢猫碌掳茫聝陋忙卤聛,
氓聣聧忙聢炉,
氓聣聧莽芦聥猫聟潞,
莽虏聴茫聝聛茫聝鲁,
莽麓聽茫聝聻茫聜驴,
莽麓聽猫聜隆,
氓聣碌盲戮隆,
忙聦驴氓聟楼,
忙聴漏忙录聫,
猫露鲁茫聜鲁茫聜颅,
猫露鲁氓聟楼茫聝卢氓漏職,
猫露鲁氓聟楼氓漏職,
氓聽聲猫聝聨,
氓陇搂氓卤卤茫聝聧茫聜潞茫聝聨氓聭陆莽楼聻莽陇潞忙聲聶盲录職,
氓陇搂盲潞潞茫聝聨茫聜陋茫聝垄茫聝聛茫聝拢,
氓陇搂忙聴楼忙聹卢氓赂聺氓聸陆,
氓陇搂盲戮驴,
氓陇搂茅潞禄,
莽卢卢盲赂聣氓聸陆,
猫聞卤忙鲁聲茫聝聫茫聝录茫聝聳,
莽聰路忙聽鹿,
莽聰路忙卤聛,
莽聰路氓篓录,
莽聼楼忙聛碌茅聛聟茫聝卢,
氓聹掳盲赂聥茅聣聞茫聜碌茫聝陋茫聝鲁,
忙聛楼盲赂聵,
茅聛聟忙录聫,
莽聲聹莽聰聼,
莽芦鹿氓鲁露,
盲赂颅茫聝聙茫聜路,
氓录碌氓陆垄,
忙聹聺茫聝聙茫聝聛,
忙聹聺茅庐庐氓戮聛盲录聬,
忙聹聺氓聥聝茫聝聛,
忙陆庐茫聝聲茫聜颅,
忙陆庐氓聬鹿,
盲陆聨茅聳聥莽聶潞氓聸陆,
盲陆聨猫聝陆,
氓陇漏猫聫炉茫聝聨忙聲聭忙赂聢,
茅聸禄茫聝聻,
茅聸禄氓聥聲茫聜鲁茫聜卤茫聜路,
氓卤聽忙庐潞,
氓卤聽氓陆鹿,
氓聹聼盲潞潞,
氓楼麓茅職路,
忙聺卤茫聝聣茫聜陇茫聝聞,
莽聸聴猫聛麓,
莽鲁聳猫鲁陋,
莽碌卤盲赂聙忙聲聶盲录職,
莽碌卤氓聬聢氓陇卤猫陋驴莽聴聡,
氓聬聦氓聮聦氓聹掳氓聦潞,
莽聣鹿忙庐聤氓颅娄莽麓職,
莽娄驴,
莽聥卢氓鲁露,
氓聧聴茅庐庐,
猫聜聣猫聤陆,
猫聜聣莽漏麓,
猫聜聣氓拢路,
猫聜聣盲戮驴氓聶篓,
猫聜聣氓拢潞,
忙聴楼猫聫炉盲潞聥氓陇聣,
忙聴楼猫聫炉忙聢娄盲潞聣,
忙聴楼忙聹卢猫碌陇猫禄聧,
盲鹿鲁茅娄聳,
盲鹿鲁猫垄聥,
盲鹿鲁猫录陋,
氓掳驴茅聛聯,
氓禄聝莽聳戮,
猫虏路茫聜陇茫聝聻茫聜鹿,
猫虏路忙聵楼,
氓拢虏茫聝陋茫聝聻茫聜鹿,
氓拢虏忙聵楼,
莽聶陆忙驴聛忙露虏,
莽聶陆忙驴聛忙卤聛,
氓聧聤氓鲁露盲潞潞,
莽聤炉茫聜鹿,
莽聤炉茫聝芦,
茅聺聻盲潞潞,
氓戮庐盲鹿鲁,
莽戮聨盲鹿鲁,
猫聠聺猫隆聦,
猫隆篓忙聴楼忙聹卢,
猫虏搂盲鹿鲁,
茅聝篓猫聬陆,
莽鲁聻,
莽聣聡忙聣聥猫聬陆茫聝聛,
莽漏聜氓聢楼,
氓聦聴茅庐庐,
氓聥聝猫碌路,
茅潞禄氓聨聼氓陆掳忙聶聝,
茅潞禄猫聳卢,
忙潞聙氓路聻,
忙聹陋茅聳聥氓聸陆,
氓陇垄莽虏戮,
忙聵聨莽聸虏,
忙炉聸氓聰聬,
莽聸虏盲潞潞,
茅聺聳氓聸陆氓聫聜忙聥聺,
茅聛聤氓楼鲁,
忙聫潞茅聽颅盲赂赂,
猫拢聫忙聴楼忙聹卢,
莽芦聥茫聝聛茫聝鲁茫聝聹,
莽芦聥茫聝聛茫聝鲁氓聺聤,
茅聹聤忙鲁垄盲鹿聥氓聟聣,
猫聛戮,
氓聳聵茫聜掳,
莽聦楼猫陇禄,
莽聲赂氓陆垄氓聟聬,
莽聹聡,
猫聜聸茅聳聙,
猫聴陋莽聺篓茫聝聼,
猫聸聠猫聶芦,
猫路聸,
猫潞聞,
茅麓聣莽聣聡,
aids,
gamemater,
omeko,
otinko,
piss,
sf氓聥聼茅聸聠,
sm茫聝聴茫聝卢茫聜陇,
sm猫陋驴忙聲聶,
suck,
茫聜垄茫聜陇茫聜篓茫聜颅,
茫聜垄茫聜陇茫聝聦莽聤卢,
茫聜垄茫聜陇茫聝聦盲潞潞,
茫聜垄茫聜篓茫聜庐茫聜麓茫聜篓,
茫聜垄茫聜路茫聜潞茫聝陋,
茫聜垄茫聝聣茫聝聼茫聝聥茫聜鹿茫聝聢,
茫聜垄茫聝聤茫聜娄茫聝鲁茫聜鹿,
茫聜垄茫聝聤茫聜颅茫聝搂茫聜娄茫聝聙茫聜陇,
茫聜垄茫聝芦盲赂颅,
茫聜娄茫聜陆茫聜鲁,
茫聜陋茫聝录茫聝漏茫聝芦茫聝聴茫聝卢茫聜陇,
茫聜陋茫聜路茫聝陋茫聝聨茫聜垄茫聝聤,
茫聜陋茫聜路茫聝陋茫聝聨莽漏麓,
茫聜陋茫聝聛茫聜陆茫聜鲁,
茫聜陋茫聝聤茫聜炉茫聝漏,
茫聜陋茫聝聤茫聝職茫聝聝茫聝聢,
茫聜陋茫聝聻茫聜陆茫聜鲁,
茫聜陋氓掳禄茫聝聨茫聜垄茫聝聤,
茫聜陋氓掳禄茫聝聨莽漏麓,
茫聜陋莽聼楼茫聝漏茫聜禄,
茫聜卢茫聜陇氓聟聬,
茫聜芦茫聝聞茫聜庐氓卤聥,
茫聜卢茫聝聬茫聝聻茫聝鲁,
茫聜卢茫聝隆茫聜陋茫聝鲁,
茫聜芦茫聝陋茫聜炉茫聝聯,
茫聜芦茫聝陋茅娄聳,
茫聜芦茫聝炉茫聜芦茫聝聳茫聝陋,
茫聜颅茫聜炉茫聝聯茫聝漏茫聜芦茫聜陇茫聝聠茫聝鲁,
茫聜庐茫聝聝茫聝聛茫聝搂,
茫聜颅茫聝垄茫聜陋茫聜驴,
茫聜颅氓聧掳,
茫聜炉茫聜掳茫聝陋茫聜陇茫聜鹿,
茫聜炉茫聜掳茫聝陋忙陇聟氓颅聬,
茫聜炉茫聜碌茫聝聻茫聝鲁,
茫聜炉茫聜鹿茫聜鲁,
茫聜炉茫聝聼茫聝聢茫聝陋氓卤聥,
茫聜炉茫聝炉茫聜篓茫聜鲁茫聝聽,
茫聜卤茫聝聛茫聝拢茫聝聻茫聝鲁,
茫聜卤茫聝聞茫聝聨茫聜垄茫聝聤,
茫聜卤茫聝聞茫聝聨莽漏麓,
茫聜麓茫聝聼氓卤聥,
茫聜麓茫聝聽氓掳潞,
茫聜鲁茫聝颅茫聜鹿茫聜戮,
茫聜碌茫聜颅茫聝聬茫聜路茫聝陋茫聜赂茫聝芦,
茫聜碌茫聝鲁茫聜麓茫聜炉茫聜赂茫聝鲁,
茫聜路茫聝聧,
茫聜赂茫聝录茫聜篓茫聝聽,
茫聜赂茫聝录茫聜鹿茫聝聺茫聝聝茫聝聢,
茫聜路茫聜赂茫聝楼茫聜娄茫聝聫茫聝聝茫聝聠,
茫聜赂茫聝拢茫聝鲁茫聜颅茫聝录,
茫聜路茫聝搂茫聜炉茫聝聳茫聝聞茫聝聥茫聝鲁茫聜虏茫聝鲁,
茫聜鹿茫聜卤茫聜鲁茫聝聻茫聜路,
茫聜潞茫聝陋茫聝聧茫聜驴,
茫聜禄茫聜陇茫聜赂茫聝搂茫聜娄茫聜陇,
茫聜禄茫聜卢,
茫聜录茫聝鲁茫聝陋茫聝聞茫聜禄茫聝鲁茫聝聻茫聝聝茫聜碌茫聝录茫聜赂,
茫聝聙茫聜娄茫聝鲁莽聴聡,
茫聜驴茫聜鲁茅聝篓氓卤聥,
茫聝聙茫聝聝茫聝聛茫聝聻茫聝鲁,
茫聜驴茫聝聻茫聜颅茫聝鲁,
茫聝聙茫聝隆茫聜陋茫聝鲁,
茫聝聛茫聜搂茫聝陋茫聝录茫聝聹茫聝录茫聜陇,
茫聝聛茫聜芦茫聝隆,
茫聝聛茫聜陆茫聜鲁,
茫聝聛茫聝聳茫聜碌,
茫聝聞茫聝聹忙麓聴茫聜陇,
茫聝聡茫聜拢茫聝录茫聝聴茫聜鹿茫聝颅茫聝录茫聝聢,
茫聝聡茫聝聽茫聝聭,
茫聝聣茫聜露茫聜篓茫聝垄茫聝鲁,
茫聝聣茫聜碌氓聸聻茫聝陋,
茫聝聣茫聝陇猫隆聴,
茫聝聣茫聝鲁莽聶戮氓搂聯,
茫聝聥茫聝录茫聝聢,
茫聝聥茫聜炉茫聝聞茫聝聹,
茫聝聥茫聝搂茫聜驴茫聜陇茫聝垄茫聝陋,
茫聝聦茫聝卢茫聝聦茫聝卢,
茫聝聧茫聜鲁茫聝聬茫聝聬,
茫聝聬茫聜炉茫聝颅茫聜娄,
茫聝聬茫聜驴氓卤聥,
茫聝聫茫聝聤茫聝聯茫聝漏茫聝聙茫聜陇茫聜芦茫聜陇茫聝聠茫聝鲁,
茫聝聭茫聝聭氓聥聼茅聸聠,
茫聝聫茫聝聼忙炉聸,
茫聝聬茫聝芦茫聝聢茫聝陋茫聝鲁猫聟潞忙露虏,
茫聝聫茫聝鲁茫聝聢茫聜娄茫聜赂茫聝鲁,
茫聝聭茫聝鲁茫聝聻,
茫聝聰茫聜掳茫聝聼茫聝录,
茫聝聮茫聝聝茫聜颅茫聝录,
茫聝聮茫聝垄,
茫聝聴茫聝聝茫聜路茫聝录,
茫聝職茫聜陇忙聜拢,
茫聝職茫聜陇盲赂颅,
茫聝職茫聝聝茫聝聠茫聜拢茫聝鲁茫聜掳,
茫聝職茫聝聥茫聝聭茫聝鲁,
茫聝聶茫聝颅氓掳聞,
茫聝聺茫聜鲁茫聝聛茫聝鲁,
茫聝聺茫聜鲁茫聝職茫聝鲁,
茫聝聸茫聝鲁茫聝聹茫聜路,
茫聝聺茫聝鲁氓录聲茫聜颅,
茫聝聻茫聜篓茫聝聞茫聜颅,
茫聝聻茫聜鹿茫聝虏茫聜芦茫聜炉,
茫聝陇茫聝陋茫聝聥茫聜虏,
茫聝陇茫聝鲁茫聜颅茫聝录,
茫聝娄茫聝芦茫聝聻茫聝鲁,
茫聝颅茫聜娄茫聜垄猫聙聟,
茫聝颅茫聜娄茫聜路茫聝拢,
茫聝颅茫聜娄猫聙聟,
茫聝颅茫聝陋茫聜鲁茫聝鲁,
茫聝炉茫聜芦茫聝隆茫聜露茫聜卤,
茫聝炉茫聜芦茫聝隆茅聟聮,
茅聵驴氓聭聠,
忙聞聸忙聮芦,
忙聦聣忙聭漏,
氓录聲茫聜芦茫聝卢猫聙聟,
茅拢虏氓掳驴,
莽戮陆莽聸庐茅鲁楼,
猫露聤氓戮聦茫聝聨莽卤鲁茫聝聞茫聜颅,
盲赂聥莽聰路盲赂聥氓楼鲁,
忙虏鲁氓聨聼猫聙聟,
猫聤卤茫聝聯茫聝漏氓聸聻猫禄垄,
猫聤卤茫聝聯茫聝漏氓陇搂氓聸聻猫禄垄,
茅聛聨氓聨禄氓赂鲁,
忙聽赂莽聢聠氓录戮,
莽芦驴氓搂聣氓娄鹿,
茅隆聰茅聺垄莽聶潞氓掳聞,
氓炉聞茫聜禄氓聽麓,
忙聴垄莽聼楼氓陇聳,
忙掳聴茅聛聲茫聜陇,
盲潞聙莽聰虏茫聜路茫聝聬茫聝陋,
猫聫聤茫聝聮茫聝漏氓聸聻猫禄垄,
猫聫聤茫聝聯茫聝漏氓聸聻猫禄垄,
忙卤虏茫聝聼氓聫聳茫聝陋氓卤聥,
猫聝赂氓掳聞,
猫聢聢盲驴隆忙聣聙,
莽聨聣茅聡聭,
莽路聤莽赂聸,
猫驴聭莽聸庐,
莽戮陇莽聸虏猫卤隆茫聝虏茫聝聤茫聝聡茫聝芦,
莽漏麓氓聟聞氓录聼,
忙聹聢莽碌聦,
莽聤卢氓聫聳茫聝陋,
氓聟聝忙掳聴忙卤聛,
氓戮聦猫聝聦盲陆聧,
氓聟卢氓篓录,
氓聫拢氓聠聟莽聶潞氓掳聞,
忙聥聵忙聺聼茫聝聴茫聝卢茫聜陇,
莽麓聟忙炉聸盲潞潞,
茅娄聶氓聟路氓赂芦,
茅禄聮茫聝鲁茫聝聹,
茅聸聭氓陆鹿氓陇芦,
盲赂聣茅聼聯氓戮聛盲录聬,
盲赂聣氓聤漏,
氓卤卤莽陋漏,
莽聰拢氓漏聠,
氓聸聸氓聧聛氓聟芦忙聣聥,
忙颅禄,
氓陇卤猫聛麓猫聙聟,
氓掳潞茫聝卢,
氓掳潞氓聟芦,
氓聫聳莽路聽氓陆鹿,
忙聣聥茫聝鲁忙拢聮,
茅娄聳氓聢聡茫聝陋,
氓聭篓忙聴聥氓卤聥,
氓聡潞莽篓录茫聜庐,
氓聡潞忙聢禄茫聝陋,
氓楼鲁莽碌娄,
氓楼鲁氓路楼,
氓楼鲁盲陆聯莽聸聸茫聝陋,
盲赂聤忙聳鹿茫聝聨猫麓聟氓聟颅,
猫聛路氓路楼,
氓掳禄茫聜潞茫聝陋,
猫潞芦氓聟聝猫陋驴忙聼禄,
盲潞潞氓陇芦,
忙聲掳茫聝聨氓颅聬氓陇漏盲潞聲,
忙聙搂猫隆聦莽聜潞,
忙颅拢氓赂赂盲陆聧,
莽聰聼茫聜禄茫聝漏,
莽聰聼氓篓聵,
莽虏戮氓聶篓,
茅聙聺茫聝聝茫聝聠茫聜鲁茫聜陇,
猫聢聦忙聤聙,
氓聟聢猫碌掳忙卤聛,
莽麓聽氓聫聢,
氓聧鲁茫聝聫茫聝隆,
氓聧鲁氓掳潞,
猫露鲁忙聭潞,
猫聸赂茅聝篓氓卤聥,
忙聹聺猫碌路茫聝聛,
忙聹聺莽芦聥茫聝聛,
猫露聟忙聽鹿,
氓聹聼氓聫鲁猫隆聸茅聳聙,
氓聹聼氓路娄猫隆聸茅聳聙,
氓聹聼忙聳鹿,
氓聬聦忙聙搂忙聞聸猫聙聟,
莽聣鹿忙庐聤氓颅娄忙聽隆,
氓聧聴茅聝篓茫聝聨茅庐颅茫聝聨茅录禄茫聝聻茫聜卢茫聝陋,
茅聸拢猫聛麓猫聙聟,
猫聜聣茫聝聞茫聝聹,
猫聜聣氓聺陋,
忙驴隆茫聝卢忙驴隆茫聝卢,
猫聞鲁猫聠聹莽聜聨,
茅娄卢盲赂聛,
忙聤聹茫聜颅茫聜颅茫聝拢茫聝聬,
猫聸庐忙聴聫,
莽職庐茫聜芦茫聝聳茫聝陋,
猫垄芦忙聸聺猫聙聟,
猫垄芦莽聢聠猫聙聟,
茅聛驴氓娄聤,
莽聣聡莽芦炉,
莽聣聡莽聸庐,
忙鲁隆氓搂芦,
忙鲁隆猫赂聤茫聝陋,
氓聦聴忙聹聺茅庐庐,
忙聹陋茅聳聥盲潞潞,
忙聹陋茅聳聥莽聶潞氓聸陆,
莽聸虏莽赂聻,
莽聸虏猫聸聡茫聝聥忙聙聳茫聜赂茫聜潞,
莽聸虏氓聢陇茫聝虏忙聤录茫聜鹿,
莽聸虏忙禄聟忙鲁聲,
猫聮聶氓聫陇莽聴聡,
莽聸庐茫聜炉茫聝漏,
莽聸庐莽聸虏,
猫拢聫莽颅聥,
茅聹虏氓聤漏,
忙聥聣猫聡麓,
莽聺戮盲赂赂,
莽聼庐氓掳聫,
茫聜娄茫聝录茫聝聫茫聝鲁,
茫聜赂茫聝聙茫聜陇茫聜芦茫聜炉茫聝隆茫聜陇,
茫聝聫茫聜陇茫聜篓茫聝鲁,
茫聝聣茫聜炉茫聝陋茫聝聞,
茫聜芦茫聜颅茫聝鲁茫聝聙茫聜陇茫聜鲁茫聜娄,
茫聝聫茫聝聝茫聜颅茫聝鲁茫聜掳,
茫聝聫茫聝聝茫聜炉,
茫聝聮茫聝聢茫聝漏茫聝录,
茫聝聸茫聝垄,
茫聝卢茫聜陇茫聝聰茫聜鹿茫聝聢,
茫聜垄茫聝录茫聝芦茫聜篓茫聝聽茫聝聠茫聜拢茫聝录,
茫聜垄茫聝隆茫聜鲁茫聜娄,
茫聜篓茫聝颅茫聜陇茫聜陋茫聝鲁茫聝聤,
茫聜篓茫聝颅茫聝聣茫聜娄茫聜卢,
茫聝聻茫聝聢茫聝隆茫聝颅茫聝录茫聝鲁,
茫聜碌茫聝漏茫聜颅茫聝鲁,
茫聝聦茫聝录茫聝聣,
茫聝聴茫聝颅茫聜路茫聝聼茫聝鲁,
茫聝聴茫聝颅茫聝聣茫聝卢茫聜陇,
茫聜垄茫聜陇茫聜赂茫聝鲁,
茫聝聼茫聝聙茫聝漏,
茫聜陋茫聜娄茫聜驴茫聝鲁,
茫聜路茫聜驴茫聜庐,
茫聜芦茫聝聯茫聝搂茫聜娄,
茫聝聮茫聝聯茫聝搂茫聜娄,
茫聜芦茫聜陇茫聜陇茫聝鲁茫聝聹茫聜路茫聝楼茫聜娄,
茫聜芦茫聝鲁茫聝聨茫聜娄,
茫聜芦茫聝鲁茫聜禄茫聝鲁,
茫聜芦茫聝鲁茫聜颅茫聝鲁,
茫聜颅茫聜卤茫聜陇茫聜赂,
茫聜颅茫聜禄茫聜陇茫聝聛茫聝楼茫聜娄,
茫聜庐茫聝拢茫聜炉茫聜篓茫聝鲁,
茫聜卤茫聜陇茫聝聬,
茫聜颅茫聝搂茫聜娄茫聜禄茫聜陇茫聝聙茫聜驴茫聜陇,
茫聜颅茫聝搂茫聜娄茫聜禄茫聜陇茫聝聙茫聝鲁茫聜路茫聝楼,
茫聜颅茫聝搂茫聜娄茫聜禄茫聜陇,
茫聜颅茫聝搂茫聜娄茫聜陇,
茫聜卤茫聜陇茫聜驴茫聜陇茫聜碌茫聜陇茫聝聢,
茫聜虏茫聜颅茫聝陋茫聝楼茫聜娄茫聝聛茫聝楼茫聜娄茫聜麓茫聜炉,
茫聜陇茫聝聦茫聜掳茫聜陇,
茫聝聼茫聝聸茫聜娄茫聝聙茫聜陇,
茫聜鲁茫聝篓茫聜娄茫聝聸茫聜娄,
茫聜鲁茫聜娄茫聜碌茫聜炉茫聜陇茫聝鲁,
茫聜鲁茫聝颅茫聜鹿,
茫聝娄茫聝聯茫聝聻茫聝鲁,
茫聜路茫聝聤,
茫聜赂茫聝聵茫聜陇茫聜路茫聝搂茫聜娄茫聜赂,
茫聜路茫聝拢茫聜禄茫聜陇,
茫聝聡茫聜垄茫聜陇,
茫聜路茫聝楼茫聝鲁茫聜卢,
茫聜路茫聝搂茫聜娄茫聜露茫聜陇,
茫聜鲁茫聝聟茫聜芦茫聜陇,
茫聜路茫聝搂茫聜娄茫聝聥茫聝聯茫聝搂茫聜娄,
茫聜路茫聝搂茫聜娄茫聝聥茫聝聸茫聝鲁,
茫聜路茫聝搂茫聜娄茫聝聮茫聜路茫聝拢茫聜颅茫聝鲁茫聝娄茫聜娄,
茫聜路茫聝搂茫聜娄茫聜鲁茫聜颅茫聝鲁,
茫聜路茫聝鲁茫聜路茫聝搂茫聜娄茫聜路茫聝拢,
茫聜赂茫聝鲁茫聜驴茫聜陇茫聜赂茫聝聝茫聜卤茫聝鲁,
茫聜禄茫聜陇茫聜芦茫聝鲁,
茫聜禄茫聜陇茫聜颅,
茫聜禄茫聜陇茫聜鲁茫聜娄,
茫聜禄茫聜陇茫聝聯茫聝搂茫聜娄,
茫聜禄茫聜陇茫聝聵茫聜颅,
茫聜禄茫聜陇茫聜篓茫聜颅,
茫聜禄茫聜陇茫聜路茫聝鲁茫聜陇茫聜赂茫聝搂茫聜娄,
茫聜禄茫聜陇茫聜路茫聝鲁茫聝聳茫聝鲁茫聝卢茫聝聞,
茫聜禄茫聝聝茫聜路茫聝拢,
茫聜禄茫聝鲁茫聜芦茫聜炉茫聜路茫聝搂茫聝聢茫聜娄,
茫聜禄茫聝鲁茫聝聼茫聝鲁,
茫聜禄茫聝鲁茫聜赂茫聝鲁,
茫聜驴茫聜赂茫聝楼茫聜娄茫聜碌茫聜陇茫聝聽,
茫聝聙茫聜陇茫聜颅茫聜虏茫聝鲁茫聜赂茫聝聸茫聜娄,
茫聝聛茫聝拢茫聜炉茫聜篓茫聝颅,
茫聝聤茫聜芦茫聝聙茫聜路,
茫聝聠茫聜陇茫聜卢茫聜炉茫聝卢茫聜颅,
茫聝聠茫聝鲁茫聜垄茫聝鲁茫聝垄茫聝鲁,
茫聝聢茫聝聬茫聜炉,
茫聜垄茫聜驴茫聝聻茫聜陋茫聜芦茫聜路茫聜陇,
茫聝聢茫聜炉茫聜垄,
茫聝聤茫聝鲁茫聜颅茫聝鲁,
茫聝聥茫聝聝茫聜颅茫聝楼茫聜娄,
茫聜路茫聝颅茫聝聳茫聜驴,
茫聝聬茫聜炉茫聝聥茫聝楼茫聜娄,
茫聜芦茫聝聨茫聜赂茫聝搂茫聝聹茫聜路茫聝楼茫聜娄,
茫聝聲茫聜芦茫聜路茫聝搂茫聜炉茫聝聼茫聝鲁,
茫聝聲茫聜娄茫聜戮茫聜炉,
茫聝聶茫聝鲁茫聝聰,
茫聜驴茫聜芦茫聝漏茫聜炉茫聜赂,
茫聝聸茫聜娄茫聝陋茫聝鲁茫聜鲁茫聜娄,
茫聝聸茫聜娄茫聝陋茫聝鲁茫聜驴茫聜陇茫聝聸茫聜娄,
茫聝聸茫聝鲁茫聝聬茫聝鲁,
茫聝聽茫聜路茫聝楼茫聜娄茫聜禄茫聜陇,
茫聝聽茫聝陋茫聝陇茫聝陋,
茫聝聽茫聝陋茫聝搂茫聜娄茫聝聣茫聜娄茫聜卢,
茫聜卤茫聝聢茫聜娄茫聜赂茫聝鲁,
茫聝娄茫聜娄茫聜芦茫聜陇,
茫聝聫茫聝聙茫聜芦,
茫聜娄茫聝漏茫聝聯茫聝聡茫聜陋,
茫聝颅茫聜路茫聝楼茫聝聞,
茫聝炉茫聜赂茫聝鲁,
茫聜垄茫聜篓茫聜庐,
茫聝聫茫聝鲁茫聜禄茫聝鲁茫聝聯茫聝搂茫聜娄,
茫聜篓茫聜驴,
茫聝聣茫聜颅茫聝楼茫聝鲁,
茫聝聫茫聝鲁茫聝聣茫聜赂茫聝搂茫聝聳,
茫聜篓茫聝聽茫聜陋茫聝鲁茫聝聤,
茫聜篓茫聝聽茫聜赂茫聝搂茫聜娄,
茫聜篓茫聝聽茫聝聽茫聜鹿茫聝隆,
茫聝聤茫聝聝茫聝聢茫聜虏茫聝录茫聝聽茫聜潞,
茫聜陇茫聜鹿茫聝漏茫聝录茫聝聽茫聜鲁茫聜炉,
茫聜陇茫聜鹿茫聝漏茫聝聽茫聜鲁茫聜炉,
茫聜陇茫聜驴茫聜鲁茫聜娄,
茫聜篓茫聝聸茫聝聬茫聝聨茫聜路茫聝搂茫聜娄茫聝聥茫聝鲁,
茫聜陋茫聜娄茫聝聽茫聜路茫聝鲁茫聝陋茫聜颅茫聝搂茫聜娄,
茫聜陋茫聝聝茫聝聢茫聜陇茫聝篓茫聝隆茫聜赂茫聝搂,
茫聜陋茫聝聤茫聜鹿茫聜颅茫聝鲁,
茫聜陋茫聝炉茫聜陇茫聝陇,
茫聜鹿茫聜卤茫聝聶茫聜陇茫聜鹿,
茫聜陆茫聝录茫聝聴茫聜赂茫聝搂茫聜娄,
茫聝聢茫聝芦茫聜鲁茫聜赂茫聝搂茫聜娄,
茫聝聢茫聝芦茫聜鲁茫聝聳茫聝颅,
茫聝聬茫聜驴茫聝录茫聜卤茫聝鲁,
茫聝聭茫聝鲁茫聜鹿茫聜卤,
茫聝聸茫聝聶茫聝聞,
茫聝垄茫聝芦茫聝垄茫聝鲁茫聜颅茫聝搂茫聜娄,
茫聝陋茫聝聣茫聝芦茫聝職茫聝聳茫聝芦茫聝聣茫聜娄茫聜路茫聝楼茫聜炉茫聜芦茫聜陇,
茫聜垄茫聜路茫聝拢,
茫聜垄茫聜麓茫聝鲁茫聜路茫聝楼茫聜娄,
茫聜垄茫聜陇茫聜赂茫聝芦,
茫聜陇茫聝聝茫聝聭茫聝聞茫聝陇茫聝漏茫聜禄茫聝颅,
茫聜陇茫聝鲁茫聜芦茫聜炉,
茫聜陇茫聝鲁茫聜路茫聝鲁,
茫聜陇茫聝鲁茫聝聨茫聜娄,
茫聜陇茫聝鲁茫聝聠茫聜陇,
茫聜娄茫聝篓茫聜炉,
茫聜陋茫聜颅茫聝聤茫聜芦茫聜禄,
茫聜虏茫聝聹茫聜炉,
茫聜掳茫聜垄茫聝炉茫聜禄,
茫聜卢茫聜陇茫聜赂茫聝鲁,
茫聜芦茫聝聳茫聝聢茫聜垄茫聝炉茫聜禄,
茫聜颅茫聜卤茫聝鲁茫聝聣茫聝漏茫聝聝茫聜掳,
茫聜颅茫聝聛茫聜炉,
茫聜颅茫聝聢茫聜娄,
茫聜颅茫聜炉茫聝垄茫聝鲁,
茫聜颅茫聝楼茫聜娄茫聝聼茫聝鲁,
茫聜颅茫聝搂茫聜鲁茫聝鲁,
茫聜颅茫聝搂茫聝聥茫聝楼茫聜娄,
茫聜娄茫聜陋茫聝聞茫聝陋茫聜赂茫聝聻,
茫聜麓茫聜娄茫聝聯茫聝搂茫聜娄,
茫聜驴茫聝聻茫聝聤茫聝隆,
茫聜卤茫聝鲁茫聜芦茫聝鲁,
茫聜卤茫聝鲁茫聜路茫聝搂茫聜娄茫聜芦茫聜陇,
茫聜鲁茫聜娄茫聜路茫聝鲁茫聜鲁茫聜炉,
茫聜鲁茫聜娄茫聝聯,
茫聜鲁茫聜娄茫聝聲茫聜炉茫聝聨茫聜芦茫聜卢茫聜炉,
茫聜篓茫聝聣茫聝聨茫聝聢茫聝垄,
茫聜鲁茫聜炉茫聜赂茫聝鲁,
茫聜碌茫聝篓茫聜炉,
茫聜碌茫聜陇茫聝聼茫聝鲁,
茫聜鲁茫聝颅茫聜路,
茫聜鲁茫聝颅茫聜禄,
茫聜鲁茫聝颅茫聜陆,
茫聜碌茫聝聞茫聜卢茫聜陇,
茫聜碌茫聝聞茫聜赂茫聝鲁,
茫聜路茫聜颅茫聝楼茫聜娄,
茫聜路茫聝聫茫聝漏茫聜陇,
茫聜路茫聝聝茫聜颅茫聝鲁,
茫聜赂茫聝楼茫聜禄茫聜陇,
茫聜赂茫聝楼茫聜驴茫聜陇,
茫聜赂茫聝楼茫聝聥茫聝楼茫聜娄,
茫聝聳茫聜陋茫聝聢茫聜鲁,
茫聜路茫聝芦茫聝聙茫聝鲁茫聝娄茫聜娄,
茫聜赂茫聝楼茫聜娄茫聝漏茫聝鲁茫聜路茫聝拢,
茫聜赂茫聝搂茫聜卤茫聝聞,
茫聜陋茫聝鲁茫聝聤茫聜赂茫聝芦,
茫聜赂茫聝搂茫聝颅茫聜娄,
茫聜路茫聝搂茫聜娄茫聝聲,
茫聝娄茫聜芦茫聜陋茫聝聤,
茫聝聻茫聝聞茫聝垄茫聝聢茫聝聛茫聜潞茫聜陋,
茫聜颅茫聜篓茫聝聠茫聜炉茫聝聙,
茫聜颅茫聜篓茫聝颅,
茫聜路茫聝鲁茫聜赂茫聜路茫聝楼茫聜娄茫聝隆茫聜陇茫聜芦茫聜陇,
茫聜赂茫聝鲁茫聜驴茫聜陇茫聜芦茫聜陇茫聝聹茫聜娄,
茫聜赂茫聝鲁茫聝聼茫聝鲁茫聜赂茫聜陇茫聝鲁,
茫聜鹿茫聜娄茫聜颅茫聝搂茫聜娄茫聝聻茫聝聮茫聜芦茫聝陋,
茫聜禄茫聜芦茫聜陇茫聜颅茫聝楼茫聜娄茫聜禄茫聜陇茫聜颅茫聝搂茫聜娄,
茫聜禄茫聜陇茫聝聛茫聝搂茫聜娄茫聝聨茫聜陇茫聜篓,
茫聜禄茫聜陇茫聜路,
茫聜禄茫聜陇茫聜赂茫聝芦,
茫聝聥茫聜路茫聝聣茫聜陇茫聝聞,
茫聜陇茫聝聝茫聝聠茫聝篓茫聜路,
茫聜录茫聝聞茫聝陋茫聝鲁,
茫聜录茫聝鲁茫聜庐,
茫聜录茫聝鲁茫聝陋茫聝聞茫聜禄茫聝鲁,
茫聜陆茫聝聛茫聝鲁,
茫聜陆茫聜娄茫聜芦,
茫聜陆茫聜娄茫聝聥茫聝楼茫聜娄,
茫聜陆茫聜娄茫聝颅茫聜娄,
茫聝聙茫聜驴茫聜陇,
茫聜陋茫聜陋茫聝陇茫聝聻茫聝聧茫聜潞茫聝聨茫聝聼茫聜鲁茫聝聢茫聜路茫聝鲁茫聜赂茫聜颅茫聝搂茫聜娄茫聜芦茫聜陇,
茫聝聙茫聜陇茫聝聥茫聝聝茫聝聺茫聝鲁茫聝聠茫聜陇茫聜鲁茫聜炉,
茫聜驴茫聜陇茫聝聻,
茫聝聙茫聜陇茫聜碌茫聝鲁茫聜麓茫聜炉,
茫聝聙茫聝聝茫聝聺茫聜娄茫聝聫茫聝录茫聝聳,
茫聝聙茫聝鲁茫聜鲁茫聝鲁,
茫聜陋茫聝聢茫聜鲁茫聜赂茫聝芦,
茫聝聙茫聝鲁茫聜路茫聝搂茫聜娄,
茫聝聛茫聜芦茫聝聠茫聝聞茫聜碌茫聝陋茫聝鲁,
茫聝聛茫聝颅茫聜娄,
茫聜驴茫聜卤茫聜路茫聝聻,
茫聝聫茫聝陋茫聜芦茫聜驴,
茫聝聛茫聝搂茫聜娄茫聜禄茫聝鲁茫聜禄茫聜陇茫聝聬茫聝聞,
茫聜路茫聜陋茫聝聲茫聜颅,
茫聝聠茫聜陇茫聜芦茫聜陇茫聝聫茫聝聞茫聜鲁茫聜炉,
茫聝聠茫聝鲁茫聜芦茫聝聨茫聜颅茫聝楼茫聜娄茫聜碌茫聜陇,
茫聝聡茫聝鲁茫聝聻,
茫聝聡茫聝鲁茫聝聣茫聜娄茫聜鲁茫聜卤茫聜路,
茫聝聣茫聜赂茫聝鲁,
茫聝聣茫聝卢茫聜陇,
茫聝聮茫聜卢茫聜路茫聝聣茫聜陇茫聝聞,
茫聝聢茫聜娄茫聜陇茫聝聞茫聜颅茫聝搂茫聜娄茫聜芦茫聜陇,
茫聝聣茫聜娄茫聝炉茫聝聛茫聜炉,
茫聝聢茫聜炉茫聜路茫聝楼茫聜卢茫聝聝茫聜颅茫聝楼茫聜娄,
茫聝聣茫聜炉茫聝聢,
茫聝聤茫聝鲁茫聜禄茫聝鲁,
茫聝聥茫聜炉茫聜虏,
茫聝聥茫聜炉茫聜垄茫聝聤,
茫聝聥茫聝聝茫聜芦茫聜赂茫聝聵茫聝鲁,
茫聝聥茫聝聝茫聜芦茫聜禄茫聝鲁茫聜陆茫聜娄,
茫聝聛茫聝聛茫聝聳茫聜炉茫聝颅,
茫聝聥茫聝楼茫聜娄茫聝陋茫聝鲁,
茫聝聥茫聝搂茫聜娄茫聝聣茫聜娄,
茫聝聫茫聜陇茫聜路茫聝聞,
茫聜娄茫聝陋茫聝聻茫聜鹿,
茫聝聫茫聜炉茫聝聙茫聜炉茫聜篓茫聜颅,
茫聝聫茫聜炉茫聝聙茫聜炉茫聜赂茫聝芦,
茫聜陋茫聜芦茫聜鹿,
茫聝聯茫聝聥茫聝楼茫聜娄,
茫聜陇茫聜露茫聝陋,
茫聜陋茫聝垄茫聝聠茫聝聥茫聝聸茫聝鲁,
茫聝聮茫聝鲁茫聝聥茫聝楼茫聜娄,
茫聝聳茫聝漏茫聜炉,
茫聜芦茫聜驴茫聝聠茫聜陋茫聝聛,
茫聝聸茫聜炉茫聜禄茫聝鲁,
茫聝聻茫聝鲁茫聜路茫聝楼茫聜娄,
茫聝聼茫聜芦茫聜陇茫聜鲁茫聜炉,
茫聝聽茫聜禄茫聜陇,
茫聝垄茫聜娄茫聜赂茫聝鲁,
茫聝陇茫聜鹿茫聜炉茫聝聥茫聜碌茫聝鲁茫聝聭茫聜陇,
茫聜垄茫聜陆茫聝聯茫聝隆,
茫聝陇茫聜陋茫聝聢茫聜娄茫聝炉茫聝鲁,
茫聜娄茫聝漏茫聝聥茫聝聸茫聝鲁,
茫聜驴茫聝聛茫聝鲁茫聝聹,
茫聜驴茫聝聛茫聝鲁茫聝聹茫聜娄,
茫聝卢茫聜陇茫聝聫茫聝聨茫聝聮茫聜芦茫聝陋,
茫聜垄茫聜篓茫聜掳,
茫聜鲁茫聜娄茫聝垄茫聝鲁,
茫聜陋茫聝聛茫聝鲁茫聜鲁,
茫聜垄茫聜陇茫聝聦茫聜赂茫聝鲁,
茫聜垄茫聝芦茫聝聛茫聝楼茫聜娄,
茫聜芦茫聝聞茫聜庐茫聝陇,
茫聜炉茫聝聼茫聝聢茫聝陋茫聝陇,
茫聜麓茫聝聼茫聝陇,
茫聜麓茫聝聽茫聜路茫聝拢茫聜炉,
茫聝聙茫聜娄茫聝鲁茫聜路茫聝搂茫聜娄,
茫聜驴茫聜鲁茫聝聶茫聝陇,
茫聝聞茫聝聹茫聜垄茫聝漏茫聜陇,
茫聝聣茫聝陇茫聜卢茫聜陇,
茫聝聣茫聝鲁茫聝聯茫聝拢茫聜炉茫聜路茫聝搂茫聜娄,
茫聝聬茫聜驴茫聝陇,
茫聝聭茫聝聭茫聝聹茫聜路茫聝楼茫聜娄,
茫聝聫茫聝聼茫聜虏,
茫聝聬茫聝芦茫聝聢茫聝陋茫聝鲁茫聜禄茫聝鲁茫聜篓茫聜颅,
茫聝職茫聜陇茫聜芦茫聝鲁,
茫聝職茫聜陇茫聝聛茫聝楼茫聜娄,
茫聝聶茫聝颅茫聜路茫聝拢,
茫聝颅茫聜娄茫聜垄,
茫聜垄茫聜陇茫聝聳,
茫聜陇茫聝鲁茫聝聥茫聝搂茫聜娄,
茫聜虏茫聝聤茫聝鲁茫聜虏茫聜赂茫聝搂,
茫聜芦茫聝炉茫聝漏茫聝垄茫聝聨,
茫聝聫茫聝聤茫聝聯茫聝漏茫聜芦茫聜陇茫聝聠茫聝鲁,
茫聜芦茫聜鲁茫聝聛茫聝搂茫聜娄,
茫聜芦茫聜炉茫聝聬茫聜炉茫聝聙茫聝鲁,
茫聜碌茫聜陋茫聜路茫聝聻茫聜陇,
茫聜卢茫聝鲁茫聝隆茫聝鲁茫聝聫茫聝聝茫聜路茫聝拢,
茫聝篓茫聜禄茫聝聬,
茫聜颅茫聝聝茫聜鲁茫聜娄茫聜路茫聝聬茫聝陋,
茫聜颅茫聜炉茫聝聮茫聝漏茫聜芦茫聜陇茫聝聠茫聝鲁,
茫聜颅茫聝搂茫聜娄茫聜路茫聝拢,
茫聜鲁茫聜娄茫聜路茫聝鲁茫聜赂茫聝搂,
茫聜颅茫聝鲁茫聝聬茫聜炉,
茫聜掳茫聝鲁茫聝垄茫聜娄茫聜戮茫聜娄茫聝虏茫聝聤茫聝聡茫聝芦,
茫聜虏茫聝聝茫聜卤茫聜陇,
茫聜陇茫聝聦茫聝聢茫聝陋,
茫聜虏茫聝鲁茫聜颅茫聜赂茫聝芦,
茫聜鲁茫聜娄茫聝聫茫聜陇茫聜陇,
茫聜鲁茫聜娄茫聜路茫聝搂茫聜娄,
茫聜鲁茫聜娄茫聝聤茫聜陇茫聝聫茫聝聝茫聜路茫聝拢,
茫聜鲁茫聜娄茫聜陆茫聜炉茫聝聴茫聝卢茫聜陇,
茫聜鲁茫聜娄茫聝垄茫聜娄茫聜赂茫聝鲁,
茫聜露茫聝聞茫聜篓茫聜颅茫聝聲,
茫聜碌茫聝鲁茫聜芦茫聝鲁茫聜禄茫聜陇茫聝聬茫聝聞,
茫聜碌茫聝鲁茫聜鹿茫聜卤,
茫聜碌茫聝鲁茫聜芦,
茫聜碌茫聝鲁茫聝聬,
茫聜路茫聝拢茫聜炉茫聝聫茫聝聛,
茫聝聠茫聝鲁茫聝聹茫聜娄,
茫聜炉茫聝聯茫聜颅茫聝陋,
茫聜路茫聝楼茫聜娄茫聜禄茫聝鲁茫聝陇,
茫聜赂茫聝搂茫聜颅茫聝楼茫聜娄,
茫聜赂茫聝搂茫聜鲁茫聜娄,
茫聜芦茫聝聼茫聜卢茫聜驴茫聜露茫聜陇茫聝颅茫聜炉,
茫聜路茫聝陋茫聜潞茫聝陋,
茫聝聼茫聝垄茫聝聢茫聝聛茫聝搂茫聜娄茫聜碌,
茫聝聥茫聝鲁茫聝聴,
茫聜芦茫聜潞茫聝聨茫聜鲁茫聝聠茫聝鲁茫聜赂茫聝搂茫聜娄,
茫聜禄茫聜陇茫聜鲁茫聜娄茫聜陇,
茫聝聤茫聝聻茫聜禄茫聝漏,
茫聜颅茫聝聽茫聜鹿茫聝隆,
茫聜陆茫聜炉茫聝聫茫聝隆,
茫聜陆茫聜炉茫聜路茫聝拢茫聜炉,
茫聝聛茫聝搂茫聜娄茫聜鲁茫聝鲁,
茫聝聣茫聜娄茫聜禄茫聜陇茫聜垄茫聜陇茫聜路茫聝拢,
茫聝聤茫聝鲁茫聝聛茫聝搂茫聜娄茫聜路茫聝拢,
茫聝聨茫聜娄茫聝聻茫聜炉茫聜篓茫聝鲁,
茫聝聦茫聜颅茫聜颅茫聝拢茫聝聬,
茫聝聬茫聝鲁茫聜戮茫聜炉,
茫聝聮茫聝聬茫聜炉茫聜路茫聝拢,
茫聜垄茫聝炉茫聝聮茫聝隆,
茫聜垄茫聝炉茫聜陋茫聝聣茫聝陋,
茫聜颅茫聜驴茫聝聛茫聝搂茫聜娄茫聜禄茫聝鲁,
茫聝聼茫聜芦茫聜陇茫聜赂茫聝鲁,
茫聝聼茫聜芦茫聜陇茫聝聫茫聝聞茫聜鲁茫聜炉,
茫聝垄茫聜娄茫聜鲁茫聜路茫聝搂茫聜娄,
茫聝漏茫聝聛,
茫聜鲁茫聜娄茫聜卢茫聝鲁,
茫聝炉茫聜陇茫聜路茫聝搂茫聜娄,
茫聜陋茫聝聥茫聝聙茫聜陇茫聜鲁茫聝鲁,
忙虏垄忙掳聭,
忙鲁陆忙掳聭,
莽驴聮猫驴聭氓鹿鲁,
盲鹿聽猫驴聭氓鹿鲁,
忙聺聨氓聟聥氓录潞,
忙聽聴忙聢聵盲鹿娄,
茫聜娄茫聜陇茫聜掳茫聝芦,
茫聜赂茫聜搂茫聝聨茫聜碌茫聜陇茫聝聣,
忙聳掳莽聳聠,
盲潞潞忙篓漏,
盲潞潞忙聺聝,
忙聺篓忙麓聛莽炉陋,
氓陇搂茅聡聫猫聶聬忙庐潞,
盲赂颅氓聡潞,
猫驴聭氓鹿鲁,
忙虏垄忙聺卤,
忙戮陇忙聺卤,
氓聟颅氓聧聛氓聸聸氓录聫盲潞潞猫聜聣忙聢掳猫禄聤,
猫聰隆猫聥卤忙聳聡,
茅聽录忙赂聟氓戮鲁,
猫聰拢盲禄聥莽聼鲁,
忙聺聨氓庐聴盲禄聛,
茅聳禄茅聦芦氓卤卤,
氓聨鲁氓庐露忙路娄,
猫聰拢莽碌聦氓聸陆,
忙聺聨莽聶禄猫录聺,
茅聶鲁忙掳麓忙聣聛,
茅娄卢猫聥卤盲鹿聺,
猫聮聥盲禄聥莽聼鲁,
茅聵聨茅聰隆氓卤卤,
茅聵聨茅聦芦氓卤卤,
茅聳禄茅聰隆氓卤卤,
忙聺聨莽聶禄猫戮聣,
茅聶聢忙掳麓忙聣聛,
茅漏卢猫聥卤盲鹿聺,
茫聜陇茫聜垄茫聝鲁氓漏娄,
氓聦聴盲赂聙猫录聺,
莽聼鲁氓聨聼猫聨聻莽聢戮,
忙聺卤忙垄聺猫聥卤忙漏聼,
猫聧聮忙聹篓猫虏聻氓陇芦,
氓聹聼猫聜楼氓聨聼猫鲁垄盲潞聦,
忙漏聥忙聹卢忙卢拢盲潞聰茅聝聨,
莽聲聭盲驴聤氓聟颅,
氓鹿鲁忙虏录茅篓聫盲赂聙茅聝聨,
氓潞聝莽聰掳氓录聵忙炉聟,
忙聵聼茅聡聨莽聸麓忙篓鹿,
忙聺驴氓聻拢氓戮聛氓聸聸茅聝聨,
猫鲁聙氓卤聥猫聢聢氓庐拢,
忙聹篓忙聢赂氓鹿赂盲赂聙,
忙聹篓忙聺聭氓聟碌氓陇陋茅聝聨,
氓掳聫莽拢炉氓聸陆忙聵颅,
忙聺戮盲潞聲莽聼鲁忙聽鹿,
忙聺戮氓虏隆忙麓聥氓聫鲁,
氓聧聴忙卢隆茅聝聨,
忙颅娄猫聴陇莽芦聽,
忙掳赂茅聡聨盲驴庐猫潞芦,
氓虏隆忙聲卢莽麓聰,
氓陇搂氓路聺氓聭篓忙聵聨,
盲陆聬猫聴陇猫鲁垄盲潞聠,
茅聡聧氓聟聣猫聭碌,
氓露聥莽聰掳莽鹿聛氓陇陋茅聝聨,
氓陇搂氓鲁露忙碌漏,
莽聶陆茅鲁楼忙聲聫氓陇芦,
茅聢麓忙聹篓猫虏聻盲赂聙,
忙聺卤茅聝路猫聦聜氓戮鲁,
忙垄聟忙麓楼莽戮聨忙虏禄茅聝聨,
氓聦聴盲赂聙猫戮聣,
莽聦露氓颅聵莽陇戮,
猫聧聮忙聹篓猫麓聻氓陇芦,
氓聹聼猫聜楼氓聨聼猫麓陇盲潞聦,
忙隆楼忙聹卢忙卢拢盲潞聰茅聝聨,
氓鹿鲁忙虏录茅陋聬盲赂聙茅聝聨,
忙聵聼茅聡聨莽聸麓忙聽聭,
猫麓潞氓卤聥氓聟麓氓庐拢,
氓掳聫莽聼露氓聸陆忙聵颅,
忙聺戮氓聠聢忙麓聥氓聫鲁,
氓聠聢忙聲卢莽潞炉,
盲陆聬猫聴陇猫麓陇盲潞聠,
氓陇搂氓虏聸忙碌漏,
莽聶陆茅赂聼忙聲聫氓陇芦,
茅聯聝忙聹篓猫麓聻盲赂聙,
盲赂聹茅聝路猫聦聜氓戮鲁,
盲赂聹忙聺隆猫聥卤忙聹潞,
莽聼鲁氓聨聼猫聨聻氓掳聰,
莽聤鹿氓颅聵莽陇戮,
茫聝聥茫聜赂茫聝楼茫聜鹿茫聜掳茫聜赂茫聝录茫聝聬茫聝录,
忙聳掳猫聳聭,
茅聸聠盲赂颅莽聡聼,
茅聸聠盲赂颅氓聳露,
茫聝聥茫聜鹿茫聜娄茫聜麓茫聜赂茫聜陇茫聝聬,
茫聝聥茫聜赂茫聝搂茫聜鹿茫聜掳茫聜赂茫聝聬,
茫聝聯茫聜篓茫聜露茫聜陇茫聜录茫聝陋茫聝聲茫聜隆茫聝聡茫聝鲁,
56茫聛聶,
茫聝聥茫聜赂茫聝楼茫聜鹿茫聜麓茫聜赂茫聝录茫聝聬,
茫聝聥茫聜赂茫聝搂茫聜鹿茫聜掳茫聜赂,
茫聝聥茫聝聛茫聝搂茫聜鹿茫聜掳茫聜庐茫聝聬芒聙聥,
茅聡聭忙隆聭,
氓搂職,
莽聰篓忙虏鲁,
茅聡聭莽聲聹,
忙聜聽忙聵聼,
茫聝聥茫聜赂茫聝楼茫聜娄茫聜路茫聜虏茫聜赂茫聝聬,
忙聙搂忙卢虏氓聡娄莽聬聠,
